{
    "input": {
        "node": "node_3",
        "funca_num": 0,
        "funca_wl": 0,
        "qrcode_num": 1,
        "ocr_num": 0,
        "qrcode_wl": 7,
        "ocr_wl": 0
    },
    "output": [
        {
            "ram_usage": 0.12371556879231527,
            "cpu_usage": 0.10356266472780362,
            "functions": [
                {
                    "name": "qrcode",
                    "service_count": 1,
                    "margin": 10,
                    "invoc_rate": 0,
                    "afet": 0.001,
                    "ram_xfunc": 0.00038915374783230226,
                    "cpu_xfunc": 0,
                    "max_rate": 10,
                    "state": "Underload",
                    "prom_invoc_rate": 0
                }
            ]
        },
        {
            "ram_usage": 0.12347005470645633,
            "cpu_usage": 0.11664392905866305,
            "functions": [
                {
                    "name": "qrcode",
                    "service_count": 1,
                    "margin": 10,
                    "invoc_rate": 0,
                    "afet": 0.001,
                    "ram_xfunc": 0.00038915374783230226,
                    "cpu_xfunc": 0,
                    "max_rate": 10,
                    "state": "Underload",
                    "prom_invoc_rate": 0
                }
            ]
        },
        {
            "ram_usage": 0.12410843500575552,
            "cpu_usage": 0.29585083365151954,
            "functions": [
                {
                    "name": "qrcode",
                    "service_count": 1,
                    "margin": 4,
                    "invoc_rate": 6,
                    "afet": 0.11152490473437458,
                    "ram_xfunc": 0.0012482073704671614,
                    "cpu_xfunc": 0.15205122705914095,
                    "max_rate": 10,
                    "state": "Underload",
                    "prom_invoc_rate": 6.981945126275023
                }
            ]
        },
        {
            "ram_usage": 0.12441891723975129,
            "cpu_usage": 0.3041846176219316,
            "functions": [
                {
                    "name": "qrcode",
                    "service_count": 1,
                    "margin": 4,
                    "invoc_rate": 6,
                    "afet": 0.1108630792675334,
                    "ram_xfunc": 0.0014397269197651019,
                    "cpu_xfunc": 0.1678292347937877,
                    "max_rate": 10,
                    "state": "Underload",
                    "prom_invoc_rate": 6.999745463801316
                }
            ]
        },
        {
            "ram_usage": 0.1248443221223422,
            "cpu_usage": 0.3033763022490512,
            "functions": [
                {
                    "name": "qrcode",
                    "service_count": 1,
                    "margin": 4,
                    "invoc_rate": 6,
                    "afet": 0.11292259327604055,
                    "ram_xfunc": 0.0013891172783172133,
                    "cpu_xfunc": 0.16987501818246914,
                    "max_rate": 10,
                    "state": "Underload",
                    "prom_invoc_rate": 6.981691241977418
                }
            ]
        },
        {
            "ram_usage": 0.12453067337356316,
            "cpu_usage": 0.3348365276211984,
            "functions": [
                {
                    "name": "qrcode",
                    "service_count": 1,
                    "margin": 4,
                    "invoc_rate": 6,
                    "afet": 0.14051220225974054,
                    "ram_xfunc": 0.0015174157221171448,
                    "cpu_xfunc": 0.19827883710221222,
                    "max_rate": 10,
                    "state": "Underload",
                    "prom_invoc_rate": 6.99949094611301
                }
            ]
        },
        {
            "ram_usage": 0.12466191995181652,
            "cpu_usage": 0.3315909090909104,
            "functions": [
                {
                    "name": "qrcode",
                    "service_count": 1,
                    "margin": 4,
                    "invoc_rate": 6,
                    "afet": 0.12693379466321203,
                    "ram_xfunc": 0.0014179980769428151,
                    "cpu_xfunc": 0.2368616923887096,
                    "max_rate": 10,
                    "state": "Underload",
                    "prom_invoc_rate": 7.018181818181818
                }
            ]
        }
    ]
}