,experiment,time
0,00-05nodes.json,0.0051860809999999535
1,01-10nodes.json,0.011131250000000037
2,02-20nodes.json,0.01965224099999996
3,03-30nodes.json,0.031673198000000014
4,04-40nodes.json,0.03388648899999991
5,05-50nodes.json,0.04509222000000013
6,06-60nodes.json,0.05956102600000013
7,07-70nodes.json,0.06421119399999986
8,08-80nodes.json,0.07094146999999995
9,09-90nodes.json,0.08620691700000016
10,10-100nodes.json,0.11496739000000011
