{
    "node_0": {
        "ram_usage": 0.12889640331665564,
        "cpu_usage": 0.18656024435919383,
        "functions": [
            {
                "name": "funca",
                "service_count": 2,
                "margin": 13,
                "invoc_rate": 47,
                "afet": 0.0065255939054102725,
                "ram_xfunc": 0.00849303055734279,
                "cpu_xfunc": 0.015928833954665534,
                "max_rate": 60,
                "state": "Underload",
                "prom_invoc_rate": 49.454849924461676
            },
            {
                "name": "ocr",
                "service_count": 1,
                "margin": 4,
                "invoc_rate": 1,
                "afet": 0.19046559185454517,
                "ram_xfunc": 0.0038385104983113235,
                "cpu_xfunc": 0.11073373152351389,
                "max_rate": 5,
                "state": "Underload",
                "prom_invoc_rate": 2.002220644715048
            }
        ]
    },
    "node_1": {
        "ram_usage": 0.20341007650894105,
        "cpu_usage": 0.15818181818181487,
        "functions": [
            {
                "name": "qrcode",
                "service_count": 2,
                "margin": 4,
                "invoc_rate": 6,
                "afet": 0.02434940572207652,
                "ram_xfunc": 0.003963678459884354,
                "cpu_xfunc": 0.08698825281699145,
                "max_rate": 10,
                "state": "Underload",
                "prom_invoc_rate": 7.001400280056012
            },
            {
                "name": "figlet",
                "service_count": 1,
                "margin": 50,
                "invoc_rate": 0,
                "afet": 0,
                "ram_xfunc": 0,
                "cpu_xfunc": 0,
                "max_rate": 50,
                "state": "Underload",
                "prom_invoc_rate": 0
            }
        ]
    },
    "node_2": {
        "ram_usage": 0.4310417902441792,
        "cpu_usage": 0.5059999999999987,
        "functions": [
            {
                "name": "funca",
                "service_count": 3,
                "margin": 0,
                "invoc_rate": 45,
                "afet": 0.0014856104065534006,
                "ram_xfunc": 0.03422970002246567,
                "cpu_xfunc": 0.0388288247788195,
                "max_rate": 45,
                "state": "Overload",
                "prom_invoc_rate": 44.93973494282545
            },
            {
                "name": "figlet",
                "service_count": 1,
                "margin": 50,
                "invoc_rate": 0,
                "afet": 0,
                "ram_xfunc": 0.006228039686467722,
                "cpu_xfunc": 0.013296397455292645,
                "max_rate": 50,
                "state": "Underload",
                "prom_invoc_rate": 0
            },
            {
                "name": "qrcode",
                "service_count": 2,
                "margin": 1,
                "invoc_rate": 3,
                "afet": 0.06254810541752559,
                "ram_xfunc": 0.005163426644477441,
                "cpu_xfunc": 0.14643240038024172,
                "max_rate": 4,
                "state": "Underload",
                "prom_invoc_rate": 3.526823858781609
            },
            {
                "name": "nodeinfo",
                "service_count": 1,
                "margin": 30,
                "invoc_rate": 0,
                "afet": 0,
                "ram_xfunc": 0.03175490479259178,
                "cpu_xfunc": 0.019875930384269113,
                "max_rate": 30,
                "state": "Underload",
                "prom_invoc_rate": 0
            }
        ]
    },
    "node_3": {
        "ram_usage": 0.17901676888862927,
        "cpu_usage": 0.4115347551773667,
        "functions": [
            {
                "name": "ocr",
                "service_count": 1,
                "margin": 0,
                "invoc_rate": 4,
                "afet": 0.13420688172121284,
                "ram_xfunc": 0.00818196334129401,
                "cpu_xfunc": 0.21672215069872264,
                "max_rate": 3,
                "state": "Overload",
                "prom_invoc_rate": 3.0000545464462993
            },
            {
                "name": "qrcode",
                "service_count": 2,
                "margin": 0,
                "invoc_rate": 10,
                "afet": 0.02357999970727284,
                "ram_xfunc": 0.003516441172260797,
                "cpu_xfunc": 0.11278454099069961,
                "max_rate": 10,
                "state": "Overload",
                "prom_invoc_rate": 10.000181821487665
            }
        ]
    },
    "node_4": {
        "ram_usage": 0.20320561608815646,
        "cpu_usage": 0.35245454545454946,
        "functions": [
            {
                "name": "qrcode",
                "service_count": 2,
                "margin": 2,
                "invoc_rate": 8,
                "afet": 0.024363545579798845,
                "ram_xfunc": 0.0031862504944494647,
                "cpu_xfunc": 0.10067101538709348,
                "max_rate": 10,
                "state": "Underload",
                "prom_invoc_rate": 9.000163639338897
            },
            {
                "name": "ocr",
                "service_count": 1,
                "margin": 2,
                "invoc_rate": 1,
                "afet": 0.13619192339999905,
                "ram_xfunc": 0.0020682750996404336,
                "cpu_xfunc": 0.13916973481598813,
                "max_rate": 3,
                "state": "Underload",
                "prom_invoc_rate": 2.0000363642975327
            }
        ]
    },
    "node_5": {
        "ram_usage": 0.39623371631758264,
        "cpu_usage": 0.41619243286485463,
        "functions": [
            {
                "name": "figlet",
                "service_count": 1,
                "margin": 50,
                "invoc_rate": 0,
                "afet": 0,
                "ram_xfunc": 0.006395686875627676,
                "cpu_xfunc": 0.017770267842260754,
                "max_rate": 50,
                "state": "Underload",
                "prom_invoc_rate": 0
            },
            {
                "name": "ocr",
                "service_count": 1,
                "margin": 1,
                "invoc_rate": 0,
                "afet": 0.001,
                "ram_xfunc": 0.011375982991818924,
                "cpu_xfunc": 0.0384775574549503,
                "max_rate": 1,
                "state": "Underload",
                "prom_invoc_rate": 0
            },
            {
                "name": "qrcode",
                "service_count": 1,
                "margin": 1,
                "invoc_rate": 1,
                "afet": 0.05722428593814506,
                "ram_xfunc": 0.003415633509718821,
                "cpu_xfunc": 0.07373177122367706,
                "max_rate": 2,
                "state": "Underload",
                "prom_invoc_rate": 1.7636363636363634
            },
            {
                "name": "nodeinfo",
                "service_count": 1,
                "margin": 30,
                "invoc_rate": 0,
                "afet": 0,
                "ram_xfunc": 0.03096632231364511,
                "cpu_xfunc": 0.017462464664086737,
                "max_rate": 30,
                "state": "Underload",
                "prom_invoc_rate": 0
            }
        ]
    },
    "node_6": {
        "ram_usage": 0.4402281265355422,
        "cpu_usage": 0.7170703323878109,
        "functions": [
            {
                "name": "qrcode",
                "service_count": 2,
                "margin": 0,
                "invoc_rate": 4,
                "afet": 0.1272028794227273,
                "ram_xfunc": 0.009488305896678432,
                "cpu_xfunc": 0.20191137572846785,
                "max_rate": 4,
                "state": "Overload",